description,KoELECTRA,KoBERT,FastText,USE,SBERT,keyword
한국어 default,0.8918760276999999,0.8685598696,0.8896963682000001,0.5815431067000001,0.7540213823999999,2.92
한국어>영어>한국어 번역,0.8961332865999998,0.8719306836999999,0.876569008,0.5609989393999999,0.7411741635000001,2.17
