description,GloVe,FastText,USE,SBERT,score_keyword, keyword_nltk,
영어 default,0.9673794819999999,0.9755733350999999,0.7253297106,0.8254616829,1.64,2.2159999999999997
