description,GloVe_min,GloVe_max,GloVe_mean,GloVe_std,FastText_min,FastText_max,FastText_mean,FastText_std,USE_min,USE_max,USE_mean,USE_std,SBERT_min,SBERT_max,SBERT_mean,SBERT_std,score_keyword_min,score_keyword_max,score_keyword_mean,score_keyword_std,score_keyword_nltk_min,score_keyword_nltk_max,score_keyword_nltk_mean,score_keyword_nltk_std,response_min,response_max,response_mean,response_std
default,0.9361312,0.9883312,0.9680579544,0.011585869404244931,0.93635094,0.99136406,0.9759261126,0.009871332603397388,0.39967543,0.8718715,0.7122897872,0.07371739913556907,0.5352461,0.95120525,0.827365788,0.08641249963436845,0,4,1.78,1.030641655582687,0.0,8.6,2.366,1.2792216699259285,298,887,436.14,89.55005597570849
default2,0.9261312,0.9883312,0.9680579544,0.011585869404244931,0.93635094,0.99136406,0.9759261126,0.009871332603397388,0.39967543,0.8718715,0.7122897872,0.07371739913556907,0.5352461,0.95120525,0.827365788,0.08641249963436845,0,4,1.78,1.030641655582687,0.0,8.6,2.366,1.2792216699259285,298,887,436.14,89.55005597570849
default3,0.9161312,0.9883312,0.9680579544,0.011585869404244931,0.93635094,0.99136406,0.9759261126,0.009871332603397388,0.39967543,0.8718715,0.7122897872,0.07371739913556907,0.5352461,0.95120525,0.827365788,0.08641249963436845,0,4,1.78,1.030641655582687,0.0,8.6,2.366,1.2792216699259285,298,887,436.14,89.55005597570849
