description,glove,FastText,USE,SBERT,keyword
default,0.9675360648999998,0.9747485953,0.7174428194000001,0.8235804916999999,1.68
Abstractive,0.9673794819999999,0.9755733350999999,0.7253297106,0.8254616829,1.64
cosine,0.9657911847999999,0.9730122261999999,0.7168226863,0.8291769605,1.69
Pointer-Generator-Networds,0.9666454997999999,0.9734774818999999,0.7160664626,0.8185922928999999,1.64
TextRank,0.967644933,0.9754364281,0.718116295,0.8251026761,1.68
TF-IDF,0.9688220407,0.9753707369,0.7147192050000001,0.8294464656999999,1.68
TSRL,0.9611990777000001,0.9686989448,0.7022906741,0.8166347880000001,1.57
